Umpire_Id,Umpire_Name ,Country,Age,Experience_Years
470,J Madanagopal,India,54,10
471,BNJ Oxenford,Australia,61,21
472,AK Chaudhary,India,44,12
473,Nitin Menon,India,55,12
474,KN Ananthapadmanabhan,Sri Lanka,43,14
475,R Pandit,India,39,8
476,GR Sadashiv Iyer,India,41,13
477,PG Pathak,India,50,17
478,Chirra Ravikanthreddy,India,39,6
479,NA Patwardhan,India,43,10
480,Navdeep Singh,India,55,19
481,HAS Khalid,Pakistan,40,11
482,MA Gough,Australia,39,8
483,M Erasmus,England,51,14
484,RJ Tucker,England,48,14
485,Tapan Sharma,India,41,13
486,K Srinivasan,India,38,7
487,S Ravi,India,47,19
488,AY Dandekar,Sri Lanka,38,6
489,RK Illingworth,Australia,51,11
490,C Shamshuddin,India,48,19
491,PR Reiffel,England,45,17
492,YC Barde,India,39,10
493,UV Gandhe,India,40,15
494,VK Sharma,India,54,10
495,VA Kulkarni,India,61,21
496,IJ Gould,England,44,12
497,NJ Llong,South Africa,55,12
498,A Nand Kishore,Sri Lanka,43,14
499,CK Nandan,India,39,8
500,HDPK Dharmasena,Sri Lanka,41,13
501,A Deshmukh,India,50,17
502,K Bharatan,India,39,6
503,RM Deshpande,India,43,10
504,JD Cloete,South Africa,55,19
505,SD Fry,India,40,11
506,K Srinath,India,39,8
507,SS Hazare,India,51,14
508,Aleem Dar,Pakistan,48,14
509,BF Bowden,England,41,13
510,Asad Rauf,Pakistan,38,7
511,S Das,India,47,19
512,S Asnani,India,38,6
513,BR Doctrove,South Africa,51,11
514,SK Tarapore,India,48,19
515,K Hariharan,Sri Lanka,45,17
516,RE Koertzen,Australia,39,10
517,AM Saheba,Afghanisthan,39,8
518,BG Jerling,England,43,11
519,IL Howell,England,55,17
520,SJA Taufel,Pakistan,40,10
521,DJ Harper,England,39,7
